customer_id,customer_name,email,phone,age,gender,city,state,signup_date,customer_segment
CUST0001,Ashish Bose,ashish.bose53@outlook.com,+91-8959298150,38,Male,Chennai,Tamil Nadu,2021-08-02,Premium
CUST0002,Meera Khan,meera.khan87@rediffmail.com,+91-9681652030,30,Female,Hyderabad,Telangana,2021-09-03,Basic
CUST0003,Kavita Dubey,kavita.dubey7@outlook.com,+91-7776249552,54,Female,Pune,Maharashtra,2022-09-29,Basic
CUST0004,Asha Trivedi,asha.trivedi9@outlook.com,+91-9871328777,41,Female,Hyderabad,Telangana,2020-10-31,Regular
CUST0005,Arjun Yadav,arjun.yadav13@rediffmail.com,+91-9163378321,34,Male,Indore,Madhya Pradesh,2022-07-03,Basic
CUST0006,Ravi Chakraborty,ravi.chakraborty87@hotmail.com,+91-7724364206,49,Male,Nagpur,Maharashtra,2022-09-18,Premium
CUST0007,Akash Das,akash.das37@outlook.com,+91-7984646064,50,Male,Kolkata,West Bengal,2021-12-07,Basic
CUST0008,Karan Kaur,karan.kaur93@rediffmail.com,+91-7199782970,34,Female,Delhi,Delhi,2021-11-11,Regular
CUST0009,Shilpa Chatterjee,shilpa.chatterjee20@outlook.com,+91-8938732955,56,Female,Kolkata,West Bengal,2022-02-11,Basic
CUST0010,Akash Varma,akash.varma11@rediffmail.com,+91-9051298965,27,Female,Surat,Gujarat,2022-07-21,Premium
CUST0011,Ishaan Trivedi,ishaan.trivedi85@yahoo.com,+91-8399882856,39,Male,Kolkata,West Bengal,2021-10-21,Regular
CUST0012,Ramesh Kaur,ramesh.kaur45@outlook.com,+91-8624016145,26,Female,Mumbai,Maharashtra,2021-01-21,Basic
CUST0013,Rohit Yadav,rohit.yadav84@hotmail.com,+91-8128594320,46,Female,Kolkata,West Bengal,2021-05-04,Regular
CUST0014,Meera Agarwal,meera.agarwal17@rediffmail.com,+91-9199859958,23,Male,Hyderabad,Telangana,2022-02-23,Premium
CUST0015,Farhan Shah,farhan.shah91@gmail.com,+91-9574978742,31,Male,Bangalore,Karnataka,2021-04-23,Premium
CUST0016,Nikhil Malhotra,nikhil.malhotra40@rediffmail.com,+91-8044464568,51,Male,Bhopal,Madhya Pradesh,2022-04-21,Regular
CUST0017,Divya Kapoor,divya.kapoor49@outlook.com,+91-8337729558,26,Male,Bangalore,Karnataka,2020-03-30,Regular
CUST0018,Nikhil Desai,nikhil.desai17@rediffmail.com,+91-7982659343,54,Female,Chennai,Tamil Nadu,2021-10-13,Premium
CUST0019,Arjun Rao,arjun.rao12@hotmail.com,+91-7602580507,22,Male,Bhopal,Madhya Pradesh,2022-08-26,Regular
CUST0020,Aryan Patel,aryan.patel66@outlook.com,+91-8551641584,39,Male,Chandigarh,Punjab,2022-02-19,Premium
CUST0021,Nisha Chatterjee,nisha.chatterjee3@outlook.com,+91-9783139536,53,Female,Delhi,Delhi,2022-03-01,Basic
CUST0022,Lalit Chakraborty,lalit.chakraborty40@yahoo.com,+91-7985428920,32,Male,Delhi,Delhi,2020-11-07,Premium
CUST0023,Ruchi Trivedi,ruchi.trivedi28@outlook.com,+91-9640370689,42,Male,Mumbai,Maharashtra,2022-10-11,Regular
CUST0024,Bhavna Rao,bhavna.rao99@hotmail.com,+91-9997417552,47,Male,Nagpur,Maharashtra,2020-03-16,Premium
CUST0025,Ankita Varma,ankita.varma25@yahoo.com,+91-8842864090,46,Male,Hyderabad,Telangana,2020-09-15,Regular
CUST0026,Mohan Bhat,mohan.bhat18@yahoo.com,+91-8364883044,43,Female,Chennai,Tamil Nadu,2022-10-25,Basic
CUST0027,Pankaj Verma,pankaj.verma10@outlook.com,+91-8736627575,48,Male,Lucknow,Uttar Pradesh,2021-11-10,Regular
CUST0028,Isha Choudhary,isha.choudhary13@rediffmail.com,+91-8272741831,34,Male,Surat,Gujarat,2020-07-24,Premium
CUST0029,Amisha Kaur,amisha.kaur99@rediffmail.com,+91-7835536651,54,Female,Nagpur,Maharashtra,2022-06-20,Basic
CUST0030,Mohan Das,mohan.das95@rediffmail.com,+91-8082294765,55,Male,Delhi,Delhi,2020-07-23,Basic
CUST0031,Kishore Desai,kishore.desai5@outlook.com,+91-7259068954,56,Female,Bangalore,Karnataka,2022-12-13,Premium
CUST0032,Pradeep Malhotra,pradeep.malhotra99@rediffmail.com,+91-9775858637,22,Male,Kolkata,West Bengal,2022-07-24,Basic
CUST0033,Ruchi Pillai,ruchi.pillai17@rediffmail.com,+91-7302980206,42,Male,Kolkata,West Bengal,2020-02-01,Basic
CUST0034,Farhan Pillai,farhan.pillai49@yahoo.com,+91-9374334966,27,Female,Chandigarh,Punjab,2020-10-22,Premium
CUST0035,Pallavi Kapoor,pallavi.kapoor21@yahoo.com,+91-7168845187,49,Female,Chennai,Tamil Nadu,2022-04-19,Basic
CUST0036,Manish Choudhary,manish.choudhary89@rediffmail.com,+91-8235998299,38,Female,Hyderabad,Telangana,2020-11-12,Basic
CUST0037,Vimala Iyer,vimala.iyer22@hotmail.com,+91-8982389026,26,Male,Hyderabad,Telangana,2020-06-02,Regular
CUST0038,Suresh Khan,suresh.khan6@hotmail.com,+91-7129519539,52,Male,Pune,Maharashtra,2022-08-19,Premium
CUST0039,Farhan Shukla,farhan.shukla47@yahoo.com,+91-7616587015,26,Female,Indore,Madhya Pradesh,2021-06-26,Premium
CUST0040,Pradeep Malhotra,pradeep.malhotra57@rediffmail.com,+91-9373498008,59,Male,Jaipur,Rajasthan,2021-11-24,Basic
CUST0041,Tarun Kaur,tarun.kaur37@hotmail.com,+91-8831238444,24,Male,Delhi,Delhi,2022-03-25,Basic
CUST0042,Naveen Chandra,naveen.chandra30@rediffmail.com,+91-8570837379,44,Male,Hyderabad,Telangana,2020-06-13,Regular
CUST0043,Kishore Chakraborty,kishore.chakraborty31@outlook.com,+91-9849053642,58,Male,Chandigarh,Punjab,2021-11-03,Regular
CUST0044,Nandini Reddy,nandini.reddy61@yahoo.com,+91-7993412009,58,Female,Bangalore,Karnataka,2022-12-28,Regular
CUST0045,Manish Choudhary,manish.choudhary48@rediffmail.com,+91-7694034906,31,Male,Chennai,Tamil Nadu,2022-02-17,Regular
CUST0046,Karan Verma,karan.verma57@hotmail.com,+91-9429625376,31,Female,Surat,Gujarat,2021-10-10,Regular
CUST0047,Nandini Kapoor,nandini.kapoor99@outlook.com,+91-9447372773,40,Male,Pune,Maharashtra,2022-09-26,Premium
CUST0048,Sarika Reddy,sarika.reddy49@rediffmail.com,+91-9996441797,38,Female,Chandigarh,Punjab,2020-03-14,Basic
CUST0049,Ruchi Gupta,ruchi.gupta68@hotmail.com,+91-9279489220,42,Female,Ahmedabad,Gujarat,2020-05-20,Regular
CUST0050,Lalit Dubey,lalit.dubey21@yahoo.com,+91-9306136805,35,Male,Mumbai,Maharashtra,2021-04-25,Basic
CUST0051,Krishna Varma,krishna.varma78@yahoo.com,+91-8299641369,30,Female,Surat,Gujarat,2021-08-11,Regular
CUST0052,Suresh Kumar,suresh.kumar33@gmail.com,+91-8809052154,22,Female,Indore,Madhya Pradesh,2021-04-10,Premium
CUST0053,Varun Shah,varun.shah83@hotmail.com,+91-9541247101,34,Female,Ahmedabad,Gujarat,2020-07-04,Premium
CUST0054,Varun Reddy,varun.reddy48@rediffmail.com,+91-8247371112,25,Female,Lucknow,Uttar Pradesh,2022-06-07,Regular
CUST0055,Pankaj Kaur,pankaj.kaur14@rediffmail.com,+91-8748695029,22,Female,Indore,Madhya Pradesh,2020-07-20,Basic
CUST0056,Deepa Srivastava,deepa.srivastava16@outlook.com,+91-8177250425,61,Female,Kolkata,West Bengal,2020-07-24,Premium
CUST0057,Sarika Das,sarika.das11@yahoo.com,+91-7857057139,53,Male,Mumbai,Maharashtra,2022-06-27,Basic
CUST0058,Ananya Devi,ananya.devi35@hotmail.com,+91-8680375179,55,Male,Delhi,Delhi,2020-12-06,Regular
CUST0059,Divya Iyer,divya.iyer66@yahoo.com,+91-8527022924,49,Male,Bangalore,Karnataka,2021-09-05,Basic
CUST0060,Ravi Chatterjee,ravi.chatterjee56@gmail.com,+91-9630671537,52,Male,Mumbai,Maharashtra,2020-02-29,Regular
CUST0061,Anjali Rao,anjali.rao29@hotmail.com,+91-9495751973,29,Male,Indore,Madhya Pradesh,2020-04-04,Basic
CUST0062,Pradeep Chatterjee,pradeep.chatterjee45@gmail.com,+91-9996036624,60,Male,Jaipur,Rajasthan,2021-10-26,Basic
CUST0063,Rujuta Tiwari,rujuta.tiwari54@gmail.com,+91-8214751015,47,Female,Ahmedabad,Gujarat,2020-04-24,Regular
CUST0064,Lakshmi Varma,lakshmi.varma51@rediffmail.com,+91-8356315992,55,Male,Delhi,Delhi,2021-08-23,Premium
CUST0065,Aditi Devi,aditi.devi48@yahoo.com,+91-8843239002,24,Male,Bhopal,Madhya Pradesh,2022-01-04,Basic
CUST0066,Suresh Malhotra,suresh.malhotra50@gmail.com,+91-9428929126,33,Female,Jaipur,Rajasthan,2022-02-06,Basic
CUST0067,Nikhil Devi,nikhil.devi48@yahoo.com,+91-7053144180,22,Male,Kolkata,West Bengal,2022-06-01,Premium
CUST0068,Mohan Shah,mohan.shah4@outlook.com,+91-8813086550,26,Female,Jaipur,Rajasthan,2020-10-25,Basic
CUST0069,Farhan Shukla,farhan.shukla13@outlook.com,+91-8897764732,51,Male,Pune,Maharashtra,2021-05-15,Basic
CUST0070,Aarav Kumar,aarav.kumar19@yahoo.com,+91-7967229976,51,Female,Pune,Maharashtra,2022-12-23,Basic
CUST0071,Shilpa Jain,shilpa.jain5@outlook.com,+91-7642853236,38,Female,Lucknow,Uttar Pradesh,2022-04-23,Basic
CUST0072,Shilpa Desai,shilpa.desai61@yahoo.com,+91-7753759786,44,Male,Indore,Madhya Pradesh,2021-01-03,Basic
CUST0073,Mohit Srivastava,mohit.srivastava98@hotmail.com,+91-8867042208,36,Male,Chennai,Tamil Nadu,2020-12-14,Regular
CUST0074,Vimala Joshi,vimala.joshi58@rediffmail.com,+91-8636182173,58,Female,Surat,Gujarat,2020-12-24,Regular
CUST0075,Divya Pillai,divya.pillai1@gmail.com,+91-9145099764,42,Female,Surat,Gujarat,2020-06-10,Regular
CUST0076,Farhan Trivedi,farhan.trivedi3@outlook.com,+91-8106143728,35,Female,Bhopal,Madhya Pradesh,2022-02-22,Basic
CUST0077,Sneha Agarwal,sneha.agarwal28@yahoo.com,+91-9501374044,23,Female,Bhopal,Madhya Pradesh,2021-05-08,Basic
CUST0078,Vikram Nair,vikram.nair71@rediffmail.com,+91-9370994108,32,Male,Delhi,Delhi,2022-10-16,Regular
CUST0079,Sanjay Bose,sanjay.bose68@hotmail.com,+91-9423574303,60,Male,Kolkata,West Bengal,2020-10-20,Basic
CUST0080,Ashish Pillai,ashish.pillai15@outlook.com,+91-8510032050,59,Male,Hyderabad,Telangana,2021-04-20,Basic
CUST0081,Namrata Khan,namrata.khan31@outlook.com,+91-9401156160,55,Female,Lucknow,Uttar Pradesh,2022-08-02,Regular
CUST0082,Anil Khan,anil.khan16@gmail.com,+91-7554628344,59,Female,Pune,Maharashtra,2021-06-04,Regular
CUST0083,Uma Das,uma.das31@hotmail.com,+91-9360381636,55,Male,Delhi,Delhi,2022-07-30,Regular
CUST0084,Ankita Sinha,ankita.sinha82@rediffmail.com,+91-8600134123,39,Male,Hyderabad,Telangana,2021-06-06,Premium
CUST0085,Anjali Trivedi,anjali.trivedi59@gmail.com,+91-9914281058,51,Male,Surat,Gujarat,2020-01-20,Regular
CUST0086,Chetan Dubey,chetan.dubey15@hotmail.com,+91-9103017698,36,Male,Chennai,Tamil Nadu,2022-08-10,Premium
CUST0087,Sachin Varma,sachin.varma77@rediffmail.com,+91-8716814433,48,Female,Jaipur,Rajasthan,2021-08-12,Premium
CUST0088,Gaurav Kumar,gaurav.kumar3@rediffmail.com,+91-9749419742,55,Female,Pune,Maharashtra,2020-11-19,Regular
CUST0089,Sneha Chatterjee,sneha.chatterjee74@yahoo.com,+91-9680497584,59,Female,Delhi,Delhi,2020-05-31,Regular
CUST0090,Ravi Kapoor,ravi.kapoor92@yahoo.com,+91-7158910836,54,Male,Mumbai,Maharashtra,2022-06-23,Premium
CUST0091,Swati Joshi,swati.joshi38@hotmail.com,+91-8351328021,45,Male,Hyderabad,Telangana,2021-12-08,Basic
CUST0092,Namrata Reddy,namrata.reddy1@rediffmail.com,+91-9760892667,36,Female,Jaipur,Rajasthan,2021-09-04,Regular
CUST0093,Pooja Sharma,pooja.sharma46@yahoo.com,+91-7758318908,51,Female,Pune,Maharashtra,2022-05-18,Basic
CUST0094,Shreya Sharma,shreya.sharma74@hotmail.com,+91-9317229795,38,Female,Surat,Gujarat,2021-05-27,Basic
CUST0095,Bhavna Khan,bhavna.khan24@gmail.com,+91-7029938668,26,Female,Chandigarh,Punjab,2022-07-24,Premium
CUST0096,Kavita Choudhary,kavita.choudhary68@outlook.com,+91-8657169770,50,Male,Kolkata,West Bengal,2021-09-10,Regular
CUST0097,Nikhil Bose,nikhil.bose9@rediffmail.com,+91-8222917923,25,Female,Hyderabad,Telangana,2021-02-11,Premium
CUST0098,Vibha Varma,vibha.varma70@rediffmail.com,+91-9024593588,31,Male,Surat,Gujarat,2022-02-26,Regular
CUST0099,Kishore Yadav,kishore.yadav65@rediffmail.com,+91-9184890808,38,Male,Pune,Maharashtra,2022-09-16,Regular
CUST0100,Kavita Agarwal,kavita.agarwal3@hotmail.com,+91-9990973334,31,Male,Hyderabad,Telangana,2020-08-06,Regular
CUST0101,Ankit Chandra,ankit.chandra61@gmail.com,+91-9160373944,38,Male,Lucknow,Uttar Pradesh,2021-04-30,Regular
CUST0102,Kishore Choudhary,kishore.choudhary82@hotmail.com,+91-7051510866,41,Female,Jaipur,Rajasthan,2022-02-20,Regular
CUST0103,Akshay Pandey,akshay.pandey48@outlook.com,+91-8743982305,45,Male,Nagpur,Maharashtra,2022-01-05,Premium
CUST0104,Ankit Srivastava,ankit.srivastava96@gmail.com,+91-8347811553,26,Male,Pune,Maharashtra,2021-08-28,Regular
CUST0105,Komal Malhotra,komal.malhotra46@gmail.com,+91-7054879391,55,Female,Lucknow,Uttar Pradesh,2021-08-27,Regular
CUST0106,Sanjay Kapoor,sanjay.kapoor45@yahoo.com,+91-9366446010,27,Male,Ahmedabad,Gujarat,2020-02-14,Regular
CUST0107,Swati Dubey,swati.dubey94@gmail.com,+91-8755547576,23,Male,Delhi,Delhi,2022-03-21,Regular
CUST0108,Usha Verma,usha.verma99@rediffmail.com,+91-7056175826,34,Female,Chandigarh,Punjab,2021-07-16,Basic
CUST0109,Sachin Khan,sachin.khan95@outlook.com,+91-9664598346,32,Male,Bhopal,Madhya Pradesh,2020-01-17,Premium
CUST0110,Sachin Saxena,sachin.saxena18@gmail.com,+91-8410933496,44,Male,Jaipur,Rajasthan,2020-04-10,Regular
CUST0111,Isha Desai,isha.desai46@rediffmail.com,+91-7350622624,37,Male,Hyderabad,Telangana,2022-10-14,Regular
CUST0112,Aryan Shah,aryan.shah44@yahoo.com,+91-8718329516,52,Male,Kolkata,West Bengal,2021-08-09,Regular
CUST0113,Pallavi Shah,pallavi.shah88@hotmail.com,+91-7789635156,32,Female,Surat,Gujarat,2021-04-16,Basic
CUST0114,Rakesh Shukla,rakesh.shukla90@hotmail.com,+91-9030879003,37,Female,Bhopal,Madhya Pradesh,2021-12-22,Basic
CUST0115,Ananya Desai,ananya.desai81@yahoo.com,+91-7827156457,29,Female,Mumbai,Maharashtra,2021-03-24,Regular
CUST0116,Anil Reddy,anil.reddy18@gmail.com,+91-7875962022,25,Female,Surat,Gujarat,2021-01-24,Basic
CUST0117,Nikhil Desai,nikhil.desai92@hotmail.com,+91-7258958896,61,Female,Hyderabad,Telangana,2021-05-28,Basic
CUST0118,Krishna Joshi,krishna.joshi5@outlook.com,+91-8330470161,25,Male,Chandigarh,Punjab,2020-10-07,Basic
CUST0119,Isha Trivedi,isha.trivedi26@gmail.com,+91-8851341877,46,Female,Indore,Madhya Pradesh,2020-07-17,Basic
CUST0120,Rohit Dubey,rohit.dubey26@gmail.com,+91-9284739603,24,Female,Surat,Gujarat,2020-03-21,Basic
CUST0121,Ravi Jain,ravi.jain41@outlook.com,+91-7982999658,53,Female,Indore,Madhya Pradesh,2021-09-24,Premium
CUST0122,Meera Shukla,meera.shukla66@hotmail.com,+91-9713320566,24,Female,Delhi,Delhi,2022-06-21,Premium
CUST0123,Krishna Choudhary,krishna.choudhary70@hotmail.com,+91-9142195182,48,Male,Chandigarh,Punjab,2020-03-09,Regular
CUST0124,Ritesh Varma,ritesh.varma33@gmail.com,+91-9489014152,50,Male,Pune,Maharashtra,2022-01-17,Premium
CUST0125,Aryan Chandra,aryan.chandra97@yahoo.com,+91-7306363120,53,Male,Lucknow,Uttar Pradesh,2020-09-26,Regular
CUST0126,Swati Agarwal,swati.agarwal37@outlook.com,+91-8242759436,40,Male,Mumbai,Maharashtra,2020-07-03,Regular
CUST0127,Arjun Khan,arjun.khan7@outlook.com,+91-8811072390,42,Female,Bangalore,Karnataka,2021-08-27,Regular
CUST0128,Gaurav Saxena,gaurav.saxena35@gmail.com,+91-7183893459,26,Female,Hyderabad,Telangana,2021-10-31,Basic
CUST0129,Sanjay Singh,sanjay.singh48@hotmail.com,+91-7030932463,39,Male,Chennai,Tamil Nadu,2022-04-30,Basic
CUST0130,Karan Reddy,karan.reddy52@hotmail.com,+91-7270975517,49,Male,Bangalore,Karnataka,2020-12-25,Premium
CUST0131,Anil Iyer,anil.iyer50@outlook.com,+91-9769966873,43,Male,Surat,Gujarat,2021-02-15,Regular
CUST0132,Pradeep Agarwal,pradeep.agarwal24@hotmail.com,+91-9113253420,42,Male,Bhopal,Madhya Pradesh,2020-09-27,Basic
CUST0133,Priya Kumar,priya.kumar89@hotmail.com,+91-8854122499,27,Male,Hyderabad,Telangana,2022-01-19,Premium
CUST0134,Ruchi Mehta,ruchi.mehta48@rediffmail.com,+91-9932079226,22,Male,Lucknow,Uttar Pradesh,2022-12-23,Basic
CUST0135,Ravi Varma,ravi.varma35@gmail.com,+91-7139440115,26,Female,Ahmedabad,Gujarat,2022-10-24,Regular
CUST0136,Sanjay Gupta,sanjay.gupta94@hotmail.com,+91-7692784289,33,Male,Lucknow,Uttar Pradesh,2021-07-12,Regular
CUST0137,Isha Mehta,isha.mehta11@hotmail.com,+91-8558145532,47,Male,Chennai,Tamil Nadu,2020-12-02,Basic
CUST0138,Karan Chandra,karan.chandra78@yahoo.com,+91-7152519744,55,Female,Mumbai,Maharashtra,2021-06-10,Regular
CUST0139,Varun Trivedi,varun.trivedi70@outlook.com,+91-9242746749,35,Male,Lucknow,Uttar Pradesh,2022-09-13,Regular
CUST0140,Anil Nair,anil.nair42@gmail.com,+91-9946881176,47,Female,Kolkata,West Bengal,2021-08-27,Basic
CUST0141,Anil Chandra,anil.chandra11@outlook.com,+91-8846596259,48,Female,Ahmedabad,Gujarat,2021-11-24,Premium
CUST0142,Varun Singh,varun.singh85@outlook.com,+91-7107833508,30,Male,Bangalore,Karnataka,2020-08-23,Regular
CUST0143,Shilpa Tiwari,shilpa.tiwari40@hotmail.com,+91-9786651220,47,Male,Pune,Maharashtra,2022-08-17,Basic
CUST0144,Farhan Chandra,farhan.chandra78@hotmail.com,+91-7051337152,43,Male,Delhi,Delhi,2020-06-03,Premium
CUST0145,Shivam Das,shivam.das22@hotmail.com,+91-8923528899,51,Male,Kolkata,West Bengal,2020-10-15,Basic
CUST0146,Hardik Choudhary,hardik.choudhary45@hotmail.com,+91-9464962205,38,Male,Nagpur,Maharashtra,2021-04-07,Regular
CUST0147,Vikram Choudhary,vikram.choudhary6@outlook.com,+91-7252149226,47,Female,Ahmedabad,Gujarat,2022-03-24,Regular
CUST0148,Komal Reddy,komal.reddy79@hotmail.com,+91-7532383919,57,Male,Pune,Maharashtra,2022-01-19,Regular
CUST0149,Bhavna Verma,bhavna.verma36@gmail.com,+91-7787984277,22,Male,Pune,Maharashtra,2020-07-03,Regular
CUST0150,Krishna Yadav,krishna.yadav10@hotmail.com,+91-9734961007,29,Male,Hyderabad,Telangana,2022-03-19,Basic
CUST0151,Vikram Chakraborty,vikram.chakraborty47@rediffmail.com,+91-9218580852,56,Female,Ahmedabad,Gujarat,2020-01-29,Basic
CUST0152,Yash Das,yash.das96@yahoo.com,+91-8087060311,36,Male,Mumbai,Maharashtra,2021-06-25,Regular
CUST0153,Ramesh Yadav,ramesh.yadav4@yahoo.com,+91-9475928343,43,Male,Surat,Gujarat,2020-09-10,Basic
CUST0154,Uma Tiwari,uma.tiwari78@hotmail.com,+91-9590320279,35,Male,Chennai,Tamil Nadu,2022-07-20,Regular
CUST0155,Nandini Kumar,nandini.kumar5@yahoo.com,+91-8640955332,47,Female,Nagpur,Maharashtra,2022-01-24,Regular
CUST0156,Jatin Nair,jatin.nair9@yahoo.com,+91-7175922803,49,Male,Chennai,Tamil Nadu,2021-06-20,Regular
CUST0157,Komal Kumar,komal.kumar83@outlook.com,+91-8432240427,44,Female,Bangalore,Karnataka,2022-02-19,Regular
CUST0158,Rahul Dubey,rahul.dubey47@hotmail.com,+91-9748119963,35,Female,Bangalore,Karnataka,2022-01-30,Regular
CUST0159,Mohit Shukla,mohit.shukla73@gmail.com,+91-8116089320,45,Male,Chennai,Tamil Nadu,2020-08-09,Basic
CUST0160,Nandini Choudhary,nandini.choudhary78@yahoo.com,+91-9519890460,23,Female,Lucknow,Uttar Pradesh,2021-04-23,Regular
CUST0161,Aditi Shukla,aditi.shukla87@hotmail.com,+91-8951661996,47,Male,Mumbai,Maharashtra,2022-08-23,Premium
CUST0162,Yash Verma,yash.verma48@outlook.com,+91-9534752778,35,Female,Indore,Madhya Pradesh,2020-02-21,Premium
CUST0163,Aryan Choudhary,aryan.choudhary57@gmail.com,+91-7097093115,28,Female,Lucknow,Uttar Pradesh,2021-11-02,Regular
CUST0164,Suresh Kapoor,suresh.kapoor74@yahoo.com,+91-7895669054,24,Female,Bhopal,Madhya Pradesh,2021-03-29,Basic
CUST0165,Shilpa Kumar,shilpa.kumar68@outlook.com,+91-8607639902,44,Male,Lucknow,Uttar Pradesh,2020-05-09,Regular
CUST0166,Chetan Patel,chetan.patel51@outlook.com,+91-8165982487,39,Female,Delhi,Delhi,2022-08-08,Regular
CUST0167,Anjali Khan,anjali.khan84@outlook.com,+91-8230166603,59,Male,Jaipur,Rajasthan,2021-09-10,Regular
CUST0168,Pooja Mehta,pooja.mehta32@gmail.com,+91-7608699088,56,Male,Surat,Gujarat,2022-04-16,Regular
CUST0169,Farhan Sharma,farhan.sharma4@yahoo.com,+91-8919796595,36,Male,Delhi,Delhi,2020-08-26,Regular
CUST0170,Swati Mishra,swati.mishra64@rediffmail.com,+91-8245421232,46,Female,Hyderabad,Telangana,2020-10-13,Regular
CUST0171,Vishal Tiwari,vishal.tiwari50@rediffmail.com,+91-9530291083,58,Female,Jaipur,Rajasthan,2020-04-02,Basic
CUST0172,Aditi Varma,aditi.varma16@outlook.com,+91-7967842302,49,Male,Jaipur,Rajasthan,2020-03-17,Basic
CUST0173,Mohit Desai,mohit.desai34@hotmail.com,+91-9336719634,31,Male,Ahmedabad,Gujarat,2021-09-15,Regular
CUST0174,Deepa Kumar,deepa.kumar28@rediffmail.com,+91-7268845123,60,Male,Mumbai,Maharashtra,2022-10-05,Premium
CUST0175,Ashish Desai,ashish.desai37@hotmail.com,+91-7505359807,38,Female,Mumbai,Maharashtra,2020-08-25,Premium
CUST0176,Tanvi Gupta,tanvi.gupta26@gmail.com,+91-9332093086,60,Male,Jaipur,Rajasthan,2020-07-18,Premium
CUST0177,Manish Mehta,manish.mehta18@gmail.com,+91-7505561068,43,Female,Bhopal,Madhya Pradesh,2021-04-25,Regular
CUST0178,Vimala Kapoor,vimala.kapoor58@yahoo.com,+91-8037657277,47,Male,Lucknow,Uttar Pradesh,2020-10-04,Regular
CUST0179,Nikhil Kapoor,nikhil.kapoor92@hotmail.com,+91-7349121995,46,Female,Ahmedabad,Gujarat,2022-03-06,Regular
CUST0180,Lalit Srivastava,lalit.srivastava12@outlook.com,+91-7017050405,38,Male,Surat,Gujarat,2022-07-18,Regular
CUST0181,Sanjay Kumar,sanjay.kumar86@outlook.com,+91-8457357175,34,Male,Jaipur,Rajasthan,2022-01-29,Premium
CUST0182,Ananya Das,ananya.das91@gmail.com,+91-9494745358,41,Male,Kolkata,West Bengal,2022-05-08,Regular
CUST0183,Ravi Malhotra,ravi.malhotra71@rediffmail.com,+91-7334927367,46,Female,Bangalore,Karnataka,2020-11-12,Regular
CUST0184,Amisha Agarwal,amisha.agarwal38@outlook.com,+91-7286034561,25,Female,Bangalore,Karnataka,2022-04-29,Regular
CUST0185,Neha Dubey,neha.dubey21@yahoo.com,+91-8412268830,31,Male,Delhi,Delhi,2020-07-21,Regular
CUST0186,Lalit Iyer,lalit.iyer47@rediffmail.com,+91-8825182710,24,Female,Hyderabad,Telangana,2022-09-29,Basic
CUST0187,Ritesh Varma,ritesh.varma29@gmail.com,+91-8679163483,39,Female,Chandigarh,Punjab,2022-04-15,Premium
CUST0188,Ravi Varma,ravi.varma26@yahoo.com,+91-7338413442,57,Female,Chandigarh,Punjab,2021-07-26,Basic
CUST0189,Aditi Devi,aditi.devi31@hotmail.com,+91-7293656388,43,Female,Bangalore,Karnataka,2020-03-08,Regular
CUST0190,Ankit Gupta,ankit.gupta4@outlook.com,+91-8816022198,55,Male,Indore,Madhya Pradesh,2022-01-28,Basic
CUST0191,Swati Chakraborty,swati.chakraborty71@rediffmail.com,+91-8956088386,29,Male,Pune,Maharashtra,2021-03-20,Regular
CUST0192,Pooja Yadav,pooja.yadav48@hotmail.com,+91-9570452523,61,Female,Delhi,Delhi,2022-06-27,Basic
CUST0193,Tanvi Gupta,tanvi.gupta71@yahoo.com,+91-9830260493,40,Female,Chandigarh,Punjab,2022-06-29,Basic
CUST0194,Reena Dubey,reena.dubey79@gmail.com,+91-7040448253,58,Female,Bangalore,Karnataka,2021-04-28,Regular
CUST0195,Amisha Mishra,amisha.mishra9@outlook.com,+91-8355960829,27,Male,Hyderabad,Telangana,2022-01-12,Regular
CUST0196,Pankaj Chakraborty,pankaj.chakraborty51@hotmail.com,+91-9553121101,47,Male,Chandigarh,Punjab,2020-07-22,Regular
CUST0197,Pallavi Kapoor,pallavi.kapoor68@hotmail.com,+91-9375183339,55,Female,Lucknow,Uttar Pradesh,2022-01-22,Regular
CUST0198,Krishna Desai,krishna.desai99@hotmail.com,+91-9966141816,27,Female,Lucknow,Uttar Pradesh,2022-01-04,Premium
CUST0199,Pallavi Varma,pallavi.varma74@gmail.com,+91-8874178302,58,Female,Mumbai,Maharashtra,2020-05-04,Regular
CUST0200,Rakesh Bhat,rakesh.bhat17@outlook.com,+91-7555699825,54,Female,Bhopal,Madhya Pradesh,2022-03-26,Regular
CUST0201,Divya Khan,divya.khan83@gmail.com,+91-8247532216,43,Female,Mumbai,Maharashtra,2021-07-19,Regular
CUST0202,Farhan Jain,farhan.jain58@hotmail.com,+91-7454945247,42,Male,Surat,Gujarat,2021-01-23,Basic
CUST0203,Rakesh Bose,rakesh.bose88@rediffmail.com,+91-7986745180,27,Male,Jaipur,Rajasthan,2020-09-07,Regular
CUST0204,Geeta Pandey,geeta.pandey45@yahoo.com,+91-8615829127,27,Female,Kolkata,West Bengal,2022-07-20,Basic
CUST0205,Rakesh Khan,rakesh.khan71@rediffmail.com,+91-7207331916,25,Female,Mumbai,Maharashtra,2020-07-06,Regular
CUST0206,Manish Iyer,manish.iyer24@yahoo.com,+91-8424346170,51,Male,Nagpur,Maharashtra,2021-03-10,Regular
CUST0207,Asha Rao,asha.rao56@rediffmail.com,+91-8379849289,32,Male,Chandigarh,Punjab,2020-02-13,Regular
CUST0208,Akshay Singh,akshay.singh8@gmail.com,+91-8586720082,51,Female,Indore,Madhya Pradesh,2020-04-13,Regular
CUST0209,Kavita Joshi,kavita.joshi67@yahoo.com,+91-8183342990,52,Male,Ahmedabad,Gujarat,2021-11-14,Basic
CUST0210,Ruchi Patel,ruchi.patel39@yahoo.com,+91-7808091924,45,Male,Bangalore,Karnataka,2021-05-13,Regular
CUST0211,Namrata Kaur,namrata.kaur21@outlook.com,+91-8624687831,30,Female,Ahmedabad,Gujarat,2020-09-14,Basic
CUST0212,Kavita Bose,kavita.bose91@yahoo.com,+91-9020735630,24,Female,Nagpur,Maharashtra,2021-02-24,Regular
CUST0213,Isha Reddy,isha.reddy45@rediffmail.com,+91-8500324021,52,Female,Hyderabad,Telangana,2020-05-20,Regular
CUST0214,Neha Malhotra,neha.malhotra37@gmail.com,+91-7443949932,61,Male,Mumbai,Maharashtra,2021-02-28,Regular
CUST0215,Anjali Malhotra,anjali.malhotra33@yahoo.com,+91-7022161864,58,Female,Kolkata,West Bengal,2021-03-18,Regular
CUST0216,Nisha Srivastava,nisha.srivastava82@rediffmail.com,+91-8088691289,57,Male,Hyderabad,Telangana,2021-04-22,Regular
CUST0217,Rajesh Trivedi,rajesh.trivedi36@yahoo.com,+91-8244853193,45,Male,Pune,Maharashtra,2021-11-03,Regular
CUST0218,Neha Bose,neha.bose81@outlook.com,+91-8442553874,52,Female,Pune,Maharashtra,2020-10-29,Premium
CUST0219,Ashish Kumar,ashish.kumar79@rediffmail.com,+91-8411095332,27,Female,Ahmedabad,Gujarat,2020-01-06,Regular
CUST0220,Geeta Yadav,geeta.yadav12@rediffmail.com,+91-8947727842,23,Female,Jaipur,Rajasthan,2021-07-21,Premium
CUST0221,Lalit Chakraborty,lalit.chakraborty83@yahoo.com,+91-7984452030,41,Female,Delhi,Delhi,2020-10-23,Regular
CUST0222,Asha Chatterjee,asha.chatterjee76@rediffmail.com,+91-8976636326,49,Female,Jaipur,Rajasthan,2020-09-23,Regular
CUST0223,Reena Patel,reena.patel20@yahoo.com,+91-8569651180,32,Male,Chandigarh,Punjab,2021-05-28,Regular
CUST0224,Nandini Shah,nandini.shah85@rediffmail.com,+91-7582062198,25,Male,Nagpur,Maharashtra,2020-12-23,Regular
CUST0225,Vimala Srivastava,vimala.srivastava93@rediffmail.com,+91-8045748200,36,Male,Lucknow,Uttar Pradesh,2020-08-13,Premium
CUST0226,Ashish Rao,ashish.rao44@rediffmail.com,+91-9408092955,27,Male,Surat,Gujarat,2020-02-22,Regular
CUST0227,Usha Joshi,usha.joshi6@gmail.com,+91-8608985481,51,Female,Jaipur,Rajasthan,2020-09-26,Regular
CUST0228,Lakshmi Chakraborty,lakshmi.chakraborty11@gmail.com,+91-9562341775,59,Male,Bhopal,Madhya Pradesh,2020-01-31,Regular
CUST0229,Reena Agarwal,reena.agarwal83@rediffmail.com,+91-8067859290,23,Female,Surat,Gujarat,2022-01-03,Basic
CUST0230,Shreya Trivedi,shreya.trivedi34@yahoo.com,+91-7918461502,36,Female,Nagpur,Maharashtra,2021-05-02,Premium
CUST0231,Ishaan Pillai,ishaan.pillai99@rediffmail.com,+91-8196024927,32,Female,Surat,Gujarat,2021-10-25,Regular
CUST0232,Reena Choudhary,reena.choudhary54@rediffmail.com,+91-8847636188,29,Male,Kolkata,West Bengal,2020-02-02,Regular
CUST0233,Neha Bhat,neha.bhat82@gmail.com,+91-8940681516,47,Female,Mumbai,Maharashtra,2020-12-22,Regular
CUST0234,Nandini Devi,nandini.devi64@rediffmail.com,+91-7589599353,26,Male,Kolkata,West Bengal,2021-06-27,Regular
CUST0235,Mohit Srivastava,mohit.srivastava38@outlook.com,+91-9515382102,27,Male,Surat,Gujarat,2020-04-17,Regular
CUST0236,Namrata Saxena,namrata.saxena62@yahoo.com,+91-7088170505,47,Female,Hyderabad,Telangana,2020-09-16,Basic
CUST0237,Naveen Reddy,naveen.reddy88@hotmail.com,+91-9321137479,25,Male,Pune,Maharashtra,2022-05-12,Regular
CUST0238,Mohan Varma,mohan.varma39@hotmail.com,+91-8436748185,40,Male,Surat,Gujarat,2022-12-13,Regular
CUST0239,Chetan Joshi,chetan.joshi10@gmail.com,+91-9723919064,41,Female,Kolkata,West Bengal,2020-08-20,Regular
CUST0240,Ramesh Rao,ramesh.rao21@hotmail.com,+91-9683563627,54,Male,Indore,Madhya Pradesh,2020-05-10,Regular
CUST0241,Geeta Bhat,geeta.bhat54@hotmail.com,+91-9205275444,41,Female,Nagpur,Maharashtra,2022-09-02,Premium
CUST0242,Uma Mishra,uma.mishra60@yahoo.com,+91-7456093012,33,Female,Hyderabad,Telangana,2022-07-07,Regular
CUST0243,Rajesh Varma,rajesh.varma44@rediffmail.com,+91-7992341722,22,Female,Kolkata,West Bengal,2022-01-11,Regular
CUST0244,Aarav Mishra,aarav.mishra19@outlook.com,+91-7827996332,47,Male,Jaipur,Rajasthan,2022-11-17,Basic
CUST0245,Mihir Kapoor,mihir.kapoor92@outlook.com,+91-7505065460,35,Male,Bangalore,Karnataka,2020-08-11,Regular
CUST0246,Reena Yadav,reena.yadav94@outlook.com,+91-9585659412,59,Female,Ahmedabad,Gujarat,2022-07-14,Regular
CUST0247,Vimala Nair,vimala.nair52@yahoo.com,+91-7242368860,58,Male,Delhi,Delhi,2022-10-28,Regular
CUST0248,Rujuta Sharma,rujuta.sharma98@outlook.com,+91-8959372814,32,Female,Lucknow,Uttar Pradesh,2021-03-29,Regular
CUST0249,Ritesh Kapoor,ritesh.kapoor66@rediffmail.com,+91-8907862534,57,Female,Kolkata,West Bengal,2020-03-29,Regular
CUST0250,Shivam Singh,shivam.singh14@outlook.com,+91-8751076402,34,Female,Bhopal,Madhya Pradesh,2022-12-03,Regular
CUST0251,Gaurav Das,gaurav.das31@hotmail.com,+91-9849664827,24,Male,Delhi,Delhi,2021-09-09,Basic
CUST0252,Mihir Srivastava,mihir.srivastava16@outlook.com,+91-8781414818,54,Male,Nagpur,Maharashtra,2022-07-27,Basic
CUST0253,Yash Pandey,yash.pandey58@yahoo.com,+91-9591057124,27,Female,Indore,Madhya Pradesh,2020-03-04,Regular
CUST0254,Arjun Khan,arjun.khan19@gmail.com,+91-9299180373,31,Male,Chennai,Tamil Nadu,2020-05-04,Basic
CUST0255,Namrata Kaur,namrata.kaur7@outlook.com,+91-8945893647,26,Male,Kolkata,West Bengal,2022-09-07,Regular
CUST0256,Ishaan Gupta,ishaan.gupta50@rediffmail.com,+91-9996321138,44,Female,Bangalore,Karnataka,2022-04-02,Regular
CUST0257,Akash Chakraborty,akash.chakraborty54@yahoo.com,+91-7358342536,31,Female,Delhi,Delhi,2022-05-23,Premium
CUST0258,Krishna Singh,krishna.singh21@outlook.com,+91-9154897122,23,Female,Lucknow,Uttar Pradesh,2020-08-09,Basic
CUST0259,Vishal Choudhary,vishal.choudhary74@outlook.com,+91-8163231802,34,Female,Surat,Gujarat,2022-10-01,Premium
CUST0260,Ruchi Saxena,ruchi.saxena25@yahoo.com,+91-9120090304,61,Male,Kolkata,West Bengal,2022-06-27,Regular
CUST0261,Usha Joshi,usha.joshi64@rediffmail.com,+91-7145183822,23,Female,Mumbai,Maharashtra,2020-05-30,Premium
CUST0262,Priya Sinha,priya.sinha60@hotmail.com,+91-9113698797,41,Female,Indore,Madhya Pradesh,2020-06-14,Regular
CUST0263,Rajesh Khan,rajesh.khan40@hotmail.com,+91-9119262378,22,Male,Nagpur,Maharashtra,2021-10-21,Regular
CUST0264,Deepak Agarwal,deepak.agarwal3@gmail.com,+91-9466353463,58,Male,Ahmedabad,Gujarat,2020-10-30,Premium
CUST0265,Asha Shah,asha.shah51@rediffmail.com,+91-9609066420,30,Female,Bangalore,Karnataka,2020-05-14,Premium
CUST0266,Kavita Jain,kavita.jain59@yahoo.com,+91-7347111382,38,Female,Chandigarh,Punjab,2020-09-15,Premium
CUST0267,Shreya Shukla,shreya.shukla28@rediffmail.com,+91-7323143913,30,Female,Chandigarh,Punjab,2021-07-17,Regular
CUST0268,Ananya Varma,ananya.varma46@gmail.com,+91-7727476935,32,Female,Bhopal,Madhya Pradesh,2021-10-27,Regular
CUST0269,Krishna Devi,krishna.devi7@outlook.com,+91-9447277999,36,Male,Delhi,Delhi,2022-02-19,Regular
CUST0270,Ruchi Dubey,ruchi.dubey64@rediffmail.com,+91-8828486089,45,Male,Bangalore,Karnataka,2022-12-22,Regular
CUST0271,Rujuta Tiwari,rujuta.tiwari84@hotmail.com,+91-9253385397,59,Female,Hyderabad,Telangana,2021-08-26,Regular
CUST0272,Tarun Chatterjee,tarun.chatterjee37@rediffmail.com,+91-7724268429,56,Female,Lucknow,Uttar Pradesh,2022-07-18,Premium
CUST0273,Nandini Sharma,nandini.sharma2@gmail.com,+91-8225961266,51,Female,Ahmedabad,Gujarat,2022-11-01,Regular
CUST0274,Vishal Srivastava,vishal.srivastava56@yahoo.com,+91-8517399070,52,Female,Surat,Gujarat,2022-05-31,Basic
CUST0275,Ravi Varma,ravi.varma34@outlook.com,+91-8928675597,26,Male,Kolkata,West Bengal,2020-07-22,Regular
CUST0276,Rohit Iyer,rohit.iyer98@hotmail.com,+91-7493955215,35,Male,Kolkata,West Bengal,2020-08-22,Regular
CUST0277,Sachin Sharma,sachin.sharma47@gmail.com,+91-7080473277,32,Female,Chandigarh,Punjab,2021-03-16,Regular
CUST0278,Lalit Khan,lalit.khan52@gmail.com,+91-7342548722,30,Female,Kolkata,West Bengal,2022-05-30,Regular
CUST0279,Meera Tiwari,meera.tiwari73@rediffmail.com,+91-8363021253,55,Female,Nagpur,Maharashtra,2022-07-13,Regular
CUST0280,Sanjay Khan,sanjay.khan25@outlook.com,+91-7380328569,33,Female,Ahmedabad,Gujarat,2021-04-12,Premium
CUST0281,Meera Sharma,meera.sharma71@outlook.com,+91-8141450880,56,Female,Mumbai,Maharashtra,2022-04-27,Premium
CUST0282,Ankit Mehta,ankit.mehta10@hotmail.com,+91-8124169681,56,Male,Chennai,Tamil Nadu,2021-11-25,Premium
CUST0283,Komal Malhotra,komal.malhotra65@hotmail.com,+91-9569837114,22,Male,Bhopal,Madhya Pradesh,2022-07-17,Basic
CUST0284,Neha Nair,neha.nair98@rediffmail.com,+91-8707573298,61,Male,Pune,Maharashtra,2022-03-27,Basic
CUST0285,Swati Das,swati.das36@rediffmail.com,+91-8141372411,43,Female,Jaipur,Rajasthan,2022-05-01,Premium
CUST0286,Deepa Gupta,deepa.gupta88@rediffmail.com,+91-7319867431,50,Male,Bhopal,Madhya Pradesh,2020-07-13,Premium
CUST0287,Kishore Rao,kishore.rao16@yahoo.com,+91-9365869303,29,Male,Delhi,Delhi,2021-10-02,Basic
CUST0288,Divya Kapoor,divya.kapoor13@hotmail.com,+91-8045018804,32,Female,Mumbai,Maharashtra,2022-05-24,Premium
CUST0289,Anjali Saxena,anjali.saxena48@outlook.com,+91-7983915856,58,Male,Bhopal,Madhya Pradesh,2021-10-02,Regular
CUST0290,Rakesh Pandey,rakesh.pandey72@outlook.com,+91-9654825084,35,Female,Surat,Gujarat,2021-06-06,Basic
CUST0291,Swati Shukla,swati.shukla97@yahoo.com,+91-7074054967,51,Male,Chandigarh,Punjab,2022-02-05,Regular
CUST0292,Ramesh Chandra,ramesh.chandra26@rediffmail.com,+91-9123224334,56,Male,Indore,Madhya Pradesh,2020-11-08,Regular
CUST0293,Jatin Saxena,jatin.saxena66@hotmail.com,+91-9218831542,42,Female,Delhi,Delhi,2022-08-29,Basic
CUST0294,Priya Yadav,priya.yadav65@gmail.com,+91-9426441970,58,Male,Kolkata,West Bengal,2020-05-17,Regular
CUST0295,Aditya Verma,aditya.verma6@gmail.com,+91-8690832865,26,Male,Bangalore,Karnataka,2020-07-05,Premium
CUST0296,Pradeep Singh,pradeep.singh18@outlook.com,+91-8808430989,40,Female,Surat,Gujarat,2020-06-23,Regular
CUST0297,Aarav Patel,aarav.patel61@rediffmail.com,+91-8084583380,35,Female,Delhi,Delhi,2020-07-09,Basic
CUST0298,Mohit Rao,mohit.rao59@yahoo.com,+91-8397170562,47,Male,Indore,Madhya Pradesh,2022-06-03,Basic
CUST0299,Ramesh Trivedi,ramesh.trivedi78@rediffmail.com,+91-7759763090,25,Female,Lucknow,Uttar Pradesh,2020-07-16,Basic
CUST0300,Swati Chatterjee,swati.chatterjee18@outlook.com,+91-9063534176,46,Male,Kolkata,West Bengal,2022-02-02,Premium
CUST0301,Kavita Sinha,kavita.sinha79@outlook.com,+91-7610793948,46,Male,Bhopal,Madhya Pradesh,2020-09-23,Basic
CUST0302,Kavita Malhotra,kavita.malhotra21@hotmail.com,+91-9153866640,39,Female,Bhopal,Madhya Pradesh,2020-05-02,Basic
CUST0303,Reena Sinha,reena.sinha79@outlook.com,+91-8296213826,61,Female,Delhi,Delhi,2021-11-06,Regular
CUST0304,Akash Rao,akash.rao76@outlook.com,+91-9416290492,29,Female,Bangalore,Karnataka,2020-09-07,Basic
CUST0305,Nikhil Reddy,nikhil.reddy65@rediffmail.com,+91-9893735863,60,Female,Lucknow,Uttar Pradesh,2022-04-21,Basic
CUST0306,Gaurav Shukla,gaurav.shukla69@hotmail.com,+91-8473187621,61,Female,Kolkata,West Bengal,2021-12-25,Regular
CUST0307,Chetan Bhat,chetan.bhat91@rediffmail.com,+91-8407560965,35,Male,Indore,Madhya Pradesh,2022-05-16,Regular
CUST0308,Suresh Bose,suresh.bose39@hotmail.com,+91-7014538153,53,Male,Chennai,Tamil Nadu,2020-04-15,Regular
CUST0309,Rahul Yadav,rahul.yadav3@outlook.com,+91-7674346483,59,Female,Bhopal,Madhya Pradesh,2021-08-12,Premium
CUST0310,Uma Bose,uma.bose43@gmail.com,+91-9465218200,54,Male,Indore,Madhya Pradesh,2021-10-01,Regular
CUST0311,Ankita Shah,ankita.shah54@rediffmail.com,+91-8891823336,44,Male,Mumbai,Maharashtra,2021-12-21,Regular
CUST0312,Deepa Shukla,deepa.shukla40@gmail.com,+91-9619880371,36,Male,Bhopal,Madhya Pradesh,2020-07-31,Basic
CUST0313,Hardik Chandra,hardik.chandra77@hotmail.com,+91-7612657945,54,Male,Indore,Madhya Pradesh,2022-11-05,Basic
CUST0314,Lalit Rao,lalit.rao34@rediffmail.com,+91-8068135830,46,Female,Hyderabad,Telangana,2021-03-11,Basic
CUST0315,Naveen Kapoor,naveen.kapoor74@yahoo.com,+91-8499324936,38,Female,Chandigarh,Punjab,2020-11-12,Premium
CUST0316,Ruchi Nair,ruchi.nair93@gmail.com,+91-7859697910,54,Female,Jaipur,Rajasthan,2022-09-14,Regular
CUST0317,Nikhil Rao,nikhil.rao75@hotmail.com,+91-9826674157,23,Male,Ahmedabad,Gujarat,2021-04-04,Premium
CUST0318,Meera Saxena,meera.saxena22@rediffmail.com,+91-8729293769,35,Male,Chandigarh,Punjab,2020-08-09,Regular
CUST0319,Lakshmi Das,lakshmi.das81@rediffmail.com,+91-8026988246,61,Male,Nagpur,Maharashtra,2021-12-18,Basic
CUST0320,Sachin Bose,sachin.bose49@yahoo.com,+91-8273490125,61,Male,Jaipur,Rajasthan,2022-01-22,Basic
CUST0321,Swati Chandra,swati.chandra88@yahoo.com,+91-8286286939,60,Female,Surat,Gujarat,2020-08-23,Regular
CUST0322,Nisha Kaur,nisha.kaur5@rediffmail.com,+91-7374355603,27,Female,Indore,Madhya Pradesh,2021-07-24,Basic
CUST0323,Anjali Chakraborty,anjali.chakraborty90@gmail.com,+91-8153370012,27,Female,Jaipur,Rajasthan,2021-04-08,Basic
CUST0324,Akash Khan,akash.khan25@gmail.com,+91-9022932613,24,Male,Nagpur,Maharashtra,2022-05-28,Regular
CUST0325,Ishaan Bose,ishaan.bose57@outlook.com,+91-9666498288,28,Female,Kolkata,West Bengal,2020-02-23,Basic
CUST0326,Yash Gupta,yash.gupta54@yahoo.com,+91-9313348986,29,Female,Chennai,Tamil Nadu,2021-07-01,Regular
CUST0327,Komal Dubey,komal.dubey53@yahoo.com,+91-9013587354,36,Female,Hyderabad,Telangana,2020-02-29,Regular
CUST0328,Sachin Devi,sachin.devi53@rediffmail.com,+91-7277798094,50,Female,Mumbai,Maharashtra,2021-01-04,Regular
CUST0329,Uma Kapoor,uma.kapoor79@hotmail.com,+91-7438951049,54,Male,Indore,Madhya Pradesh,2021-07-13,Regular
CUST0330,Rujuta Kumar,rujuta.kumar95@gmail.com,+91-7386241270,51,Male,Mumbai,Maharashtra,2021-09-24,Regular
CUST0331,Pooja Iyer,pooja.iyer91@yahoo.com,+91-8000625328,60,Male,Bangalore,Karnataka,2021-11-26,Regular
CUST0332,Vimala Chatterjee,vimala.chatterjee67@yahoo.com,+91-7599858929,48,Female,Bhopal,Madhya Pradesh,2021-12-19,Regular
CUST0333,Ashish Iyer,ashish.iyer72@outlook.com,+91-9272228528,57,Male,Indore,Madhya Pradesh,2020-01-13,Regular
CUST0334,Namrata Desai,namrata.desai85@hotmail.com,+91-8673860916,50,Male,Ahmedabad,Gujarat,2021-01-06,Regular
CUST0335,Varun Bose,varun.bose68@hotmail.com,+91-8370488174,59,Male,Indore,Madhya Pradesh,2020-10-20,Regular
CUST0336,Namrata Verma,namrata.verma41@yahoo.com,+91-7451785340,54,Male,Delhi,Delhi,2022-03-31,Regular
CUST0337,Pradeep Reddy,pradeep.reddy59@rediffmail.com,+91-8257365448,58,Female,Chennai,Tamil Nadu,2020-05-22,Regular
CUST0338,Ishaan Choudhary,ishaan.choudhary44@rediffmail.com,+91-7608673788,48,Female,Delhi,Delhi,2020-10-17,Premium
CUST0339,Vibha Khan,vibha.khan46@outlook.com,+91-9082480435,54,Male,Indore,Madhya Pradesh,2020-03-03,Regular
CUST0340,Asha Mishra,asha.mishra79@hotmail.com,+91-9272294575,25,Male,Hyderabad,Telangana,2020-07-06,Premium
CUST0341,Vikram Devi,vikram.devi25@yahoo.com,+91-7567682733,43,Male,Jaipur,Rajasthan,2022-12-22,Regular
CUST0342,Uma Chakraborty,uma.chakraborty36@rediffmail.com,+91-7546774178,23,Male,Mumbai,Maharashtra,2021-03-16,Basic
CUST0343,Nisha Trivedi,nisha.trivedi39@yahoo.com,+91-7946428388,31,Male,Hyderabad,Telangana,2022-02-09,Regular
CUST0344,Ravi Pillai,ravi.pillai39@outlook.com,+91-7613051232,26,Male,Indore,Madhya Pradesh,2022-05-09,Regular
CUST0345,Anjali Srivastava,anjali.srivastava91@yahoo.com,+91-9759069113,31,Male,Nagpur,Maharashtra,2022-07-18,Basic
CUST0346,Nikhil Agarwal,nikhil.agarwal89@hotmail.com,+91-9029617026,54,Female,Jaipur,Rajasthan,2021-11-29,Basic
CUST0347,Ramesh Sinha,ramesh.sinha41@hotmail.com,+91-9836157059,59,Female,Nagpur,Maharashtra,2020-11-18,Basic
CUST0348,Asha Shah,asha.shah45@rediffmail.com,+91-7031473518,34,Male,Mumbai,Maharashtra,2022-01-27,Basic
CUST0349,Pankaj Shukla,pankaj.shukla93@outlook.com,+91-7447335575,52,Male,Jaipur,Rajasthan,2021-09-30,Premium
CUST0350,Divya Shah,divya.shah37@gmail.com,+91-9671260324,57,Female,Ahmedabad,Gujarat,2021-10-26,Premium
CUST0351,Geeta Tiwari,geeta.tiwari74@rediffmail.com,+91-8840176248,45,Male,Chennai,Tamil Nadu,2020-06-22,Regular
CUST0352,Manish Bhat,manish.bhat49@hotmail.com,+91-9139974876,36,Female,Chandigarh,Punjab,2020-04-17,Regular
CUST0353,Suresh Singh,suresh.singh45@yahoo.com,+91-8340699744,50,Female,Lucknow,Uttar Pradesh,2020-11-14,Regular
CUST0354,Rujuta Shah,rujuta.shah38@gmail.com,+91-8611264477,29,Male,Surat,Gujarat,2020-11-18,Regular
CUST0355,Vibha Malhotra,vibha.malhotra37@gmail.com,+91-9326968176,26,Male,Hyderabad,Telangana,2020-04-11,Regular
CUST0356,Naveen Khan,naveen.khan45@hotmail.com,+91-8601331922,50,Female,Bhopal,Madhya Pradesh,2020-06-16,Basic
CUST0357,Arjun Malhotra,arjun.malhotra84@outlook.com,+91-7270884107,25,Male,Hyderabad,Telangana,2021-07-11,Basic
CUST0358,Rohit Khan,rohit.khan96@hotmail.com,+91-7101138905,33,Female,Lucknow,Uttar Pradesh,2022-06-26,Regular
CUST0359,Rujuta Verma,rujuta.verma28@yahoo.com,+91-7957114285,23,Female,Chandigarh,Punjab,2022-05-18,Basic
CUST0360,Vishal Rao,vishal.rao69@outlook.com,+91-7900639470,48,Female,Pune,Maharashtra,2022-09-21,Regular
CUST0361,Nikhil Bose,nikhil.bose72@outlook.com,+91-8761647836,52,Male,Kolkata,West Bengal,2022-06-24,Basic
CUST0362,Sarika Nair,sarika.nair18@gmail.com,+91-7551169942,57,Female,Ahmedabad,Gujarat,2022-04-28,Premium
CUST0363,Hardik Sinha,hardik.sinha79@rediffmail.com,+91-8853574921,57,Male,Nagpur,Maharashtra,2021-07-13,Basic
CUST0364,Karan Patel,karan.patel31@yahoo.com,+91-8801376952,47,Female,Indore,Madhya Pradesh,2021-03-17,Regular
CUST0365,Lalit Pandey,lalit.pandey7@rediffmail.com,+91-7370985066,48,Female,Ahmedabad,Gujarat,2022-11-15,Regular
CUST0366,Meera Chatterjee,meera.chatterjee29@yahoo.com,+91-7374245112,26,Male,Lucknow,Uttar Pradesh,2020-08-21,Premium
CUST0367,Meera Varma,meera.varma7@gmail.com,+91-9539881186,41,Female,Indore,Madhya Pradesh,2021-12-07,Regular
CUST0368,Aditi Tiwari,aditi.tiwari53@outlook.com,+91-9697758085,32,Female,Bhopal,Madhya Pradesh,2022-05-30,Premium
CUST0369,Isha Das,isha.das92@hotmail.com,+91-8776115453,31,Male,Delhi,Delhi,2020-08-15,Premium
CUST0370,Komal Saxena,komal.saxena13@yahoo.com,+91-9490367850,61,Male,Jaipur,Rajasthan,2021-08-03,Regular
CUST0371,Sanjay Varma,sanjay.varma1@rediffmail.com,+91-8790238644,59,Male,Kolkata,West Bengal,2022-09-23,Regular
CUST0372,Komal Singh,komal.singh21@hotmail.com,+91-8393123423,27,Male,Chennai,Tamil Nadu,2022-12-15,Regular
CUST0373,Sanjay Sharma,sanjay.sharma84@hotmail.com,+91-9411695678,29,Male,Chennai,Tamil Nadu,2021-09-23,Basic
CUST0374,Aditya Das,aditya.das62@yahoo.com,+91-9462042444,44,Female,Lucknow,Uttar Pradesh,2020-04-03,Regular
CUST0375,Mohan Kaur,mohan.kaur97@outlook.com,+91-7975514224,47,Male,Ahmedabad,Gujarat,2021-03-27,Regular
CUST0376,Rajesh Khan,rajesh.khan42@outlook.com,+91-8473644447,33,Male,Chennai,Tamil Nadu,2022-03-20,Premium
CUST0377,Namrata Yadav,namrata.yadav83@gmail.com,+91-8142221401,47,Female,Bhopal,Madhya Pradesh,2020-04-22,Basic
CUST0378,Pooja Singh,pooja.singh99@gmail.com,+91-8438725386,34,Male,Nagpur,Maharashtra,2020-01-16,Regular
CUST0379,Tanvi Tiwari,tanvi.tiwari84@rediffmail.com,+91-9541541056,61,Female,Pune,Maharashtra,2021-02-22,Basic
CUST0380,Nisha Shah,nisha.shah30@rediffmail.com,+91-7687787060,39,Male,Hyderabad,Telangana,2021-09-09,Basic
CUST0381,Tanvi Pandey,tanvi.pandey95@gmail.com,+91-9258155957,46,Male,Bangalore,Karnataka,2021-03-08,Regular
CUST0382,Pallavi Shukla,pallavi.shukla23@hotmail.com,+91-9821489988,54,Female,Bhopal,Madhya Pradesh,2020-10-08,Premium
CUST0383,Manish Mishra,manish.mishra23@gmail.com,+91-9073466120,61,Female,Indore,Madhya Pradesh,2021-06-07,Basic
CUST0384,Lakshmi Kaur,lakshmi.kaur51@hotmail.com,+91-7543890760,33,Female,Surat,Gujarat,2021-08-15,Basic
CUST0385,Bhavna Joshi,bhavna.joshi24@outlook.com,+91-7456237082,57,Female,Lucknow,Uttar Pradesh,2021-11-02,Premium
CUST0386,Nandini Devi,nandini.devi5@gmail.com,+91-9665737124,25,Female,Delhi,Delhi,2020-09-02,Regular
CUST0387,Suresh Jain,suresh.jain39@rediffmail.com,+91-9639217780,26,Male,Jaipur,Rajasthan,2020-01-16,Basic
CUST0388,Isha Kapoor,isha.kapoor78@gmail.com,+91-8868055982,58,Male,Surat,Gujarat,2022-10-15,Premium
CUST0389,Sangeeta Malhotra,sangeeta.malhotra43@outlook.com,+91-8744146842,29,Female,Jaipur,Rajasthan,2022-05-31,Basic
CUST0390,Vibha Tiwari,vibha.tiwari59@rediffmail.com,+91-8955780617,49,Female,Mumbai,Maharashtra,2020-12-25,Regular
CUST0391,Vikram Mehta,vikram.mehta68@hotmail.com,+91-7551752421,52,Female,Surat,Gujarat,2020-09-21,Premium
CUST0392,Aryan Joshi,aryan.joshi18@rediffmail.com,+91-9307048356,30,Male,Bangalore,Karnataka,2022-02-17,Basic
CUST0393,Mohan Kaur,mohan.kaur60@outlook.com,+91-7948085069,50,Male,Ahmedabad,Gujarat,2022-12-26,Regular
CUST0394,Pankaj Jain,pankaj.jain25@gmail.com,+91-7876077425,35,Female,Pune,Maharashtra,2021-04-16,Regular
CUST0395,Mohit Agarwal,mohit.agarwal43@yahoo.com,+91-9949699037,61,Male,Hyderabad,Telangana,2022-10-21,Premium
CUST0396,Suresh Dubey,suresh.dubey94@hotmail.com,+91-9671122481,43,Female,Hyderabad,Telangana,2021-12-26,Premium
CUST0397,Meera Chakraborty,meera.chakraborty83@outlook.com,+91-7444263948,32,Female,Pune,Maharashtra,2020-05-27,Regular
CUST0398,Ananya Varma,ananya.varma92@yahoo.com,+91-7194246349,44,Male,Nagpur,Maharashtra,2022-03-24,Regular
CUST0399,Mohan Dubey,mohan.dubey2@outlook.com,+91-9841195969,22,Female,Kolkata,West Bengal,2020-03-27,Regular
CUST0400,Sanjay Desai,sanjay.desai38@rediffmail.com,+91-7415727392,58,Female,Mumbai,Maharashtra,2022-06-12,Basic
CUST0401,Aditi Verma,aditi.verma87@yahoo.com,+91-7818129168,42,Male,Jaipur,Rajasthan,2020-02-08,Regular
CUST0402,Mihir Singh,mihir.singh23@rediffmail.com,+91-9331052217,47,Female,Bangalore,Karnataka,2022-07-30,Premium
CUST0403,Sangeeta Sharma,sangeeta.sharma82@hotmail.com,+91-9714742447,57,Male,Chennai,Tamil Nadu,2020-06-08,Regular
CUST0404,Nikhil Jain,nikhil.jain55@rediffmail.com,+91-9495198635,44,Female,Surat,Gujarat,2021-10-03,Basic
CUST0405,Ananya Kumar,ananya.kumar42@gmail.com,+91-8286874154,22,Male,Mumbai,Maharashtra,2022-05-29,Basic
CUST0406,Sangeeta Devi,sangeeta.devi52@gmail.com,+91-7465885684,61,Female,Bhopal,Madhya Pradesh,2022-04-08,Regular
CUST0407,Anjali Reddy,anjali.reddy24@yahoo.com,+91-9072245221,36,Male,Lucknow,Uttar Pradesh,2022-05-05,Regular
CUST0408,Sanjay Choudhary,sanjay.choudhary62@outlook.com,+91-9057264293,42,Male,Surat,Gujarat,2021-08-15,Regular
CUST0409,Usha Chandra,usha.chandra32@gmail.com,+91-8229369243,30,Female,Bangalore,Karnataka,2020-08-23,Basic
CUST0410,Divya Gupta,divya.gupta34@hotmail.com,+91-7247493050,30,Male,Delhi,Delhi,2022-04-09,Basic
CUST0411,Uma Mishra,uma.mishra31@hotmail.com,+91-9603722202,31,Male,Delhi,Delhi,2020-02-12,Regular
CUST0412,Ankita Khan,ankita.khan97@outlook.com,+91-8320077582,47,Female,Indore,Madhya Pradesh,2021-10-27,Basic
CUST0413,Bhavna Varma,bhavna.varma43@outlook.com,+91-9456946467,56,Female,Mumbai,Maharashtra,2020-12-17,Basic
CUST0414,Ramesh Chatterjee,ramesh.chatterjee75@rediffmail.com,+91-9276458374,46,Female,Ahmedabad,Gujarat,2022-07-31,Premium
CUST0415,Vikram Bhat,vikram.bhat2@outlook.com,+91-8489973968,47,Female,Bangalore,Karnataka,2022-01-11,Regular
CUST0416,Kavita Tiwari,kavita.tiwari84@outlook.com,+91-8072486278,32,Male,Bangalore,Karnataka,2020-06-29,Premium
CUST0417,Pradeep Sharma,pradeep.sharma89@yahoo.com,+91-7008122208,59,Male,Pune,Maharashtra,2022-06-13,Regular
CUST0418,Ritesh Mishra,ritesh.mishra8@gmail.com,+91-9395170089,23,Male,Bhopal,Madhya Pradesh,2020-08-04,Basic
CUST0419,Vibha Shah,vibha.shah60@outlook.com,+91-9080297050,28,Female,Ahmedabad,Gujarat,2021-05-13,Regular
CUST0420,Namrata Verma,namrata.verma21@hotmail.com,+91-9284856952,39,Female,Bhopal,Madhya Pradesh,2022-06-11,Regular
CUST0421,Yash Chandra,yash.chandra88@rediffmail.com,+91-9785618300,48,Female,Nagpur,Maharashtra,2022-03-31,Premium
CUST0422,Vishal Desai,vishal.desai91@outlook.com,+91-9607280048,55,Female,Jaipur,Rajasthan,2022-12-09,Regular
CUST0423,Jatin Kapoor,jatin.kapoor89@gmail.com,+91-8303238551,48,Male,Jaipur,Rajasthan,2020-06-10,Regular
CUST0424,Lalit Das,lalit.das82@outlook.com,+91-8407837767,38,Male,Chennai,Tamil Nadu,2022-03-21,Regular
CUST0425,Farhan Khan,farhan.khan48@rediffmail.com,+91-8621045197,45,Male,Indore,Madhya Pradesh,2021-09-27,Regular
CUST0426,Geeta Varma,geeta.varma29@yahoo.com,+91-8057947171,46,Female,Hyderabad,Telangana,2021-11-26,Regular
CUST0427,Ankit Iyer,ankit.iyer18@hotmail.com,+91-8106781737,28,Male,Delhi,Delhi,2021-03-29,Regular
CUST0428,Aarav Saxena,aarav.saxena20@hotmail.com,+91-8893727117,27,Female,Lucknow,Uttar Pradesh,2021-11-13,Premium
CUST0429,Rohit Chatterjee,rohit.chatterjee96@rediffmail.com,+91-8855173614,45,Male,Jaipur,Rajasthan,2020-12-10,Premium
CUST0430,Sachin Mehta,sachin.mehta48@hotmail.com,+91-9583155054,54,Male,Ahmedabad,Gujarat,2020-06-05,Regular
CUST0431,Akshay Kaur,akshay.kaur90@rediffmail.com,+91-9929999463,50,Male,Bangalore,Karnataka,2022-11-11,Regular
CUST0432,Mihir Mehta,mihir.mehta61@rediffmail.com,+91-9497716345,43,Female,Lucknow,Uttar Pradesh,2020-08-21,Regular
CUST0433,Ruchi Choudhary,ruchi.choudhary86@yahoo.com,+91-7150523051,47,Female,Chandigarh,Punjab,2022-12-22,Regular
CUST0434,Kishore Kumar,kishore.kumar98@yahoo.com,+91-9051870238,49,Male,Bhopal,Madhya Pradesh,2022-11-10,Regular
CUST0435,Vibha Joshi,vibha.joshi88@rediffmail.com,+91-7053326284,42,Male,Jaipur,Rajasthan,2021-02-01,Basic
CUST0436,Ravi Devi,ravi.devi11@rediffmail.com,+91-9810330707,28,Female,Bangalore,Karnataka,2021-12-16,Premium
CUST0437,Swati Kaur,swati.kaur58@rediffmail.com,+91-8446069836,38,Male,Jaipur,Rajasthan,2021-12-20,Regular
CUST0438,Divya Malhotra,divya.malhotra91@outlook.com,+91-7002266072,41,Female,Delhi,Delhi,2020-10-29,Basic
CUST0439,Deepak Choudhary,deepak.choudhary10@rediffmail.com,+91-7662927290,41,Female,Chandigarh,Punjab,2021-04-28,Regular
CUST0440,Anil Iyer,anil.iyer15@gmail.com,+91-9890695196,43,Male,Surat,Gujarat,2020-07-29,Regular
CUST0441,Namrata Chatterjee,namrata.chatterjee71@rediffmail.com,+91-7989130837,49,Male,Jaipur,Rajasthan,2020-10-26,Basic
CUST0442,Uma Mehta,uma.mehta26@rediffmail.com,+91-9865345916,61,Female,Nagpur,Maharashtra,2021-06-08,Basic
CUST0443,Ritesh Devi,ritesh.devi69@yahoo.com,+91-7305895798,28,Male,Ahmedabad,Gujarat,2021-02-08,Regular
CUST0444,Rujuta Mishra,rujuta.mishra22@outlook.com,+91-8181042819,22,Male,Jaipur,Rajasthan,2020-12-21,Regular
CUST0445,Rajesh Malhotra,rajesh.malhotra67@hotmail.com,+91-7270058738,53,Female,Hyderabad,Telangana,2020-11-09,Regular
CUST0446,Shilpa Trivedi,shilpa.trivedi15@yahoo.com,+91-9177495054,34,Female,Lucknow,Uttar Pradesh,2020-06-03,Regular
CUST0447,Sarika Sharma,sarika.sharma92@rediffmail.com,+91-7542316787,51,Female,Lucknow,Uttar Pradesh,2020-12-28,Regular
CUST0448,Ankita Chatterjee,ankita.chatterjee63@gmail.com,+91-8298791999,44,Female,Delhi,Delhi,2022-10-08,Regular
CUST0449,Amisha Shah,amisha.shah66@hotmail.com,+91-8001040689,40,Male,Ahmedabad,Gujarat,2022-08-08,Regular
CUST0450,Naveen Chatterjee,naveen.chatterjee8@hotmail.com,+91-8406595915,53,Male,Chandigarh,Punjab,2022-07-08,Regular
CUST0451,Lakshmi Bose,lakshmi.bose17@rediffmail.com,+91-7298822475,51,Female,Nagpur,Maharashtra,2021-10-23,Basic
CUST0452,Arjun Kaur,arjun.kaur54@hotmail.com,+91-7003537973,50,Female,Pune,Maharashtra,2021-10-09,Regular
CUST0453,Usha Yadav,usha.yadav73@gmail.com,+91-8562420215,50,Male,Ahmedabad,Gujarat,2020-11-05,Premium
CUST0454,Aditya Malhotra,aditya.malhotra72@hotmail.com,+91-7434887814,51,Female,Lucknow,Uttar Pradesh,2022-06-19,Regular
CUST0455,Usha Chakraborty,usha.chakraborty87@outlook.com,+91-7741178084,37,Male,Hyderabad,Telangana,2020-05-19,Regular
CUST0456,Geeta Singh,geeta.singh93@gmail.com,+91-9228168335,61,Male,Surat,Gujarat,2022-08-18,Regular
CUST0457,Shreya Sharma,shreya.sharma51@outlook.com,+91-7030411056,40,Male,Delhi,Delhi,2022-06-24,Regular
CUST0458,Meera Jain,meera.jain1@yahoo.com,+91-9279355032,39,Male,Pune,Maharashtra,2021-09-12,Regular
CUST0459,Varun Shah,varun.shah75@gmail.com,+91-9677525806,22,Male,Hyderabad,Telangana,2021-07-16,Regular
CUST0460,Sanjay Das,sanjay.das6@hotmail.com,+91-9819165353,35,Male,Chandigarh,Punjab,2020-04-25,Premium
CUST0461,Sachin Patel,sachin.patel45@gmail.com,+91-9274227324,23,Male,Bhopal,Madhya Pradesh,2021-12-21,Premium
CUST0462,Rakesh Pandey,rakesh.pandey70@gmail.com,+91-8565319283,49,Female,Chandigarh,Punjab,2022-11-05,Regular
CUST0463,Naveen Desai,naveen.desai9@hotmail.com,+91-7750260209,51,Female,Hyderabad,Telangana,2020-05-31,Regular
CUST0464,Farhan Pandey,farhan.pandey5@outlook.com,+91-7292723425,59,Female,Bhopal,Madhya Pradesh,2021-09-27,Basic
CUST0465,Rakesh Sinha,rakesh.sinha53@yahoo.com,+91-7338151071,25,Female,Mumbai,Maharashtra,2022-08-03,Regular
CUST0466,Mihir Reddy,mihir.reddy99@yahoo.com,+91-8204449223,22,Male,Delhi,Delhi,2022-07-14,Regular
CUST0467,Tanvi Chakraborty,tanvi.chakraborty99@hotmail.com,+91-7449360164,29,Male,Ahmedabad,Gujarat,2020-03-18,Regular
CUST0468,Ruchi Das,ruchi.das48@hotmail.com,+91-9534427451,50,Female,Bhopal,Madhya Pradesh,2020-04-26,Premium
CUST0469,Nandini Kumar,nandini.kumar58@hotmail.com,+91-9102398753,60,Male,Indore,Madhya Pradesh,2022-01-25,Basic
CUST0470,Naveen Devi,naveen.devi49@gmail.com,+91-7468118966,24,Female,Bhopal,Madhya Pradesh,2021-08-10,Regular
CUST0471,Rajesh Srivastava,rajesh.srivastava88@rediffmail.com,+91-8738383831,53,Male,Bangalore,Karnataka,2020-06-06,Basic
CUST0472,Aarav Trivedi,aarav.trivedi18@outlook.com,+91-7027789995,31,Female,Surat,Gujarat,2020-07-03,Premium
CUST0473,Rujuta Saxena,rujuta.saxena16@yahoo.com,+91-9129931511,31,Male,Bangalore,Karnataka,2022-11-04,Regular
CUST0474,Ananya Joshi,ananya.joshi69@hotmail.com,+91-8442156030,40,Female,Ahmedabad,Gujarat,2022-02-26,Regular
CUST0475,Shreya Pillai,shreya.pillai68@yahoo.com,+91-9367237925,55,Female,Ahmedabad,Gujarat,2022-08-05,Basic
CUST0476,Yash Sinha,yash.sinha94@yahoo.com,+91-9058029840,54,Female,Delhi,Delhi,2020-03-25,Premium
CUST0477,Ritesh Chandra,ritesh.chandra1@gmail.com,+91-8349090750,44,Male,Ahmedabad,Gujarat,2022-07-10,Regular
CUST0478,Jatin Malhotra,jatin.malhotra39@hotmail.com,+91-9249767984,49,Female,Lucknow,Uttar Pradesh,2021-01-20,Basic
CUST0479,Tanvi Dubey,tanvi.dubey87@rediffmail.com,+91-9817938474,53,Female,Bhopal,Madhya Pradesh,2021-10-20,Regular
CUST0480,Mihir Sharma,mihir.sharma55@rediffmail.com,+91-7284023168,28,Female,Bhopal,Madhya Pradesh,2022-09-01,Regular
CUST0481,Sanjay Devi,sanjay.devi49@yahoo.com,+91-7458726142,50,Female,Mumbai,Maharashtra,2022-10-23,Premium
CUST0482,Akash Chatterjee,akash.chatterjee32@hotmail.com,+91-8931960335,29,Female,Pune,Maharashtra,2020-11-04,Basic
CUST0483,Komal Iyer,komal.iyer45@yahoo.com,+91-8151966280,22,Male,Ahmedabad,Gujarat,2020-05-06,Premium
CUST0484,Namrata Varma,namrata.varma36@yahoo.com,+91-8030528327,24,Female,Bangalore,Karnataka,2022-07-11,Basic
CUST0485,Aditi Varma,aditi.varma93@gmail.com,+91-7811946302,45,Female,Ahmedabad,Gujarat,2020-07-30,Basic
CUST0486,Rakesh Das,rakesh.das5@hotmail.com,+91-9112221042,44,Female,Chandigarh,Punjab,2021-12-04,Regular
CUST0487,Kavita Devi,kavita.devi79@gmail.com,+91-7813182534,29,Male,Mumbai,Maharashtra,2020-06-21,Regular
CUST0488,Rujuta Devi,rujuta.devi31@yahoo.com,+91-8969388644,58,Male,Lucknow,Uttar Pradesh,2022-10-30,Premium
CUST0489,Divya Sinha,divya.sinha9@gmail.com,+91-9363189638,24,Female,Lucknow,Uttar Pradesh,2020-12-19,Regular
CUST0490,Mohan Srivastava,mohan.srivastava77@gmail.com,+91-7933613515,54,Female,Jaipur,Rajasthan,2020-03-21,Basic
CUST0491,Manish Saxena,manish.saxena58@rediffmail.com,+91-9778396298,49,Male,Bhopal,Madhya Pradesh,2021-05-22,Basic
CUST0492,Sangeeta Singh,sangeeta.singh87@gmail.com,+91-9869949537,29,Female,Lucknow,Uttar Pradesh,2022-06-15,Regular
CUST0493,Krishna Shukla,krishna.shukla32@gmail.com,+91-7673277862,55,Male,Bhopal,Madhya Pradesh,2022-06-18,Regular
CUST0494,Tanvi Gupta,tanvi.gupta52@hotmail.com,+91-8988776784,56,Male,Jaipur,Rajasthan,2022-12-09,Premium
CUST0495,Priya Joshi,priya.joshi30@rediffmail.com,+91-7618161347,53,Male,Hyderabad,Telangana,2022-12-06,Premium
CUST0496,Vikram Srivastava,vikram.srivastava28@gmail.com,+91-7968494694,45,Male,Surat,Gujarat,2020-11-21,Premium
CUST0497,Deepa Choudhary,deepa.choudhary18@rediffmail.com,+91-7178841370,35,Female,Chennai,Tamil Nadu,2022-01-15,Regular
CUST0498,Meera Saxena,meera.saxena38@yahoo.com,+91-8621660578,53,Male,Nagpur,Maharashtra,2022-02-02,Regular
CUST0499,Nikhil Srivastava,nikhil.srivastava94@rediffmail.com,+91-7369441599,37,Female,Lucknow,Uttar Pradesh,2021-08-02,Regular
CUST0500,Manish Agarwal,manish.agarwal41@rediffmail.com,+91-8637093634,25,Female,Pune,Maharashtra,2022-03-04,Regular
